NAME;LiDAR_URL;Geom;geo_point_2d
4820005453000;https://webtransfer.vancouver.ca/opendata/2022LiDAR/482000_5453000.zip;"{""coordinates"": [[[-123.24723297505851, 49.22951683821041], [-123.24727787134582, 49.238512004374726], [-123.23354033517124, 49.23854059244541], [-123.23349793304287, 49.22954541726685], [-123.24723297505851, 49.22951683821041]]], ""type"": ""Polygon""}";49.234028849184135, -123.24038727882845
4820005454000;https://webtransfer.vancouver.ca/opendata/2022LiDAR/482000_5454000.zip;"{""coordinates"": [[[-123.24727787134582, 49.238512004374726], [-123.24732279002143, 49.24750715642885], [-123.23358275844421, 49.24753575351701], [-123.23354033517124, 49.23854059244541], [-123.24727787134582, 49.238512004374726]]], ""type"": ""Polygon""}";49.2430240128442, -123.24043093891994
4830005453000;https://webtransfer.vancouver.ca/opendata/2022LiDAR/483000_5453000.zip;"{""coordinates"": [[[-123.23349793304287, 49.22954541726685], [-123.23354033517124, 49.23854059244541], [-123.2198027778521, 49.23856754694576], [-123.21976286989623, 49.22957236326802], [-123.23349793304287, 49.22954541726685]]], ""type"": ""Polygon""}";49.234056616091735, -123.22665097915451
4830005456000;https://webtransfer.vancouver.ca/opendata/2022LiDAR/483000_5456000.zip;"{""coordinates"": [[[-123.23362520287534, 49.25653090048237], [-123.23366766847829, 49.265526033342084], [-123.21992262117595, 49.26555301335836], [-123.21988265347916, 49.25655787199025], [-123.23362520287534, 49.25653090048237]]], ""type"": ""Polygon""}";49.26104209103233, -123.22677453666738
4840005454000;https://webtransfer.vancouver.ca/opendata/2022LiDAR/484000_5454000.zip;"{""coordinates"": [[[-123.2198027778521, 49.23856754694576], [-123.2198427057088, 49.24756271651961], [-123.20610263305974, 49.24758804543064], [-123.2060652006321, 49.23859286786982], [-123.2198027778521, 49.23856754694576]]], ""type"": ""Polygon""}";49.243077930345024, -123.21295332946755
4850005455000;https://webtransfer.vancouver.ca/opendata/2022LiDAR/485000_5455000.zip;"{""coordinates"": [[[-123.20610263305974, 49.24758804543064], [-123.2061400841565, 49.25658320889113], [-123.19239749615275, 49.256606911179404], [-123.19236254174162, 49.24761174024453], [-123.20610263305974, 49.24758804543064]]], ""type"": ""Polygon""}";49.25209761263332, -123.19925068892243
4860005452000;https://webtransfer.vancouver.ca/opendata/2022LiDAR/486000_5452000.zip;"{""coordinates"": [[[-123.19225778301059, 49.22062614285146], [-123.19229268518173, 49.22962135608123], [-123.17855756609977, 49.22964340288243], [-123.17852515689415, 49.22064818270128], [-123.19225778301059, 49.22062614285146]]], ""type"": ""Polygon""}";49.22513490719757, -123.18540829793031
4860005456000;https://webtransfer.vancouver.ca/opendata/2022LiDAR/486000_5456000.zip;"{""coordinates"": [[[-123.19239749615275, 49.256606911179404], [-123.19243246799965, 49.26560206801735], [-123.17868736461797, 49.26562414264924], [-123.17865489071326, 49.25662897884987], [-123.19239749615275, 49.256606911179404]]], ""type"": ""Polygon""}";49.261115661414195, -123.18554305500608
4860005457000;https://webtransfer.vancouver.ca/opendata/2022LiDAR/486000_5457000.zip;"{""coordinates"": [[[-123.19243246799965, 49.26560206801735], [-123.19246745729355, 49.274597210759005], [-123.17871985472348, 49.27461929235486], [-123.17868736461797, 49.26562414264924], [-123.19243246799965, 49.26560206801735]]], ""type"": ""Polygon""}";49.270110814728326, -123.18557678629416
4870005452000;https://webtransfer.vancouver.ca/opendata/2022LiDAR/487000_5452000.zip;"{""coordinates"": [[[-123.17852515689415, 49.22064818270128], [-123.17855756609977, 49.22964340288243], [-123.16482243085862, 49.22966381660679], [-123.1647925146289, 49.220668589989124], [-123.17852515689415, 49.22064818270128]]], ""type"": ""Polygon""}";49.2251561341137, -123.17167441724419
4870005458000;https://webtransfer.vancouver.ca/opendata/2022LiDAR/487000_5458000.zip;"{""coordinates"": [[[-123.17871985472348, 49.27461929235486], [-123.17875236104022, 49.28361442796743], [-123.1650022418132, 49.28363488035954], [-123.16497223594223, 49.274639738296536], [-123.17871985472348, 49.27461929235486]]], ""type"": ""Polygon""}";49.279127221071136, -123.17186167350557
4880005454000;https://webtransfer.vancouver.ca/opendata/2022LiDAR/488000_5454000.zip;"{""coordinates"": [[[-123.16485236200455, 49.2386590291303], [-123.16488230807624, 49.24765422756035], [-123.1511421682182, 49.24767302005288], [-123.15111471761873, 49.238677815696974], [-123.16485236200455, 49.2386590291303]]], ""type"": ""Polygon""}";49.24316615926508, -123.15799788909396
4880005456000;https://webtransfer.vancouver.ca/opendata/2022LiDAR/488000_5456000.zip;"{""coordinates"": [[[-123.16491226908337, 49.2566494118976], [-123.1649422450355, 49.2656445821428], [-123.1511971104984, 49.26566338649345], [-123.1511696325085, 49.25666821031814], [-123.16491226908337, 49.2566494118976]]], ""type"": ""Polygon""}";49.261156533953866, -123.15805531439659
4880005457000;https://webtransfer.vancouver.ca/opendata/2022LiDAR/488000_5457000.zip;"{""coordinates"": [[[-123.1649422450355, 49.2656445821428], [-123.16497223594223, 49.274639738296536], [-123.1512246021967, 49.274658548579495], [-123.1511971104984, 49.26566338649345], [-123.1649422450355, 49.2656445821428]]], ""type"": ""Polygon""}";49.27015170016191, -123.15808404853364
4880005461000;https://webtransfer.vancouver.ca/opendata/2022LiDAR/488000_5461000.zip;"{""coordinates"": [[[-123.16506229848645, 49.30162512221612], [-123.16509234930798, 49.31062022201107], [-123.15133470625092, 49.310639056044614], [-123.15130715963056, 49.301643950308815], [-123.16506229848645, 49.30162512221612]]], ""type"": ""Polygon""}";49.306132224101084, -123.15819912853561
4880005462000;https://webtransfer.vancouver.ca/opendata/2022LiDAR/488000_5462000.zip;"{""coordinates"": [[[-123.16509234930798, 49.31062022201107], [-123.16512241513236, 49.31961530771801], [-123.1513622666239, 49.3196341476946], [-123.15133470625092, 49.310639056044614], [-123.16509234930798, 49.31062022201107]]], ""type"": ""Polygon""}";49.31512731986606, -123.15822793444572
4890005449000;https://webtransfer.vancouver.ca/opendata/2022LiDAR/489000_5449000.zip;"{""coordinates"": [[[-123.15097766967578, 49.193701582534054], [-123.15100505195306, 49.20269685735335], [-123.13727736337945, 49.202713988696665], [-123.13725247037226, 49.19371870847655], [-123.15097766967578, 49.193701582534054]]], ""type"": ""Polygon""}";49.1982079202059, -123.14412813894835
4890005450000;https://webtransfer.vancouver.ca/opendata/2022LiDAR/489000_5450000.zip;"{""coordinates"": [[[-123.15100505195306, 49.20269685735335], [-123.15103244787721, 49.21169211807861], [-123.13730226879296, 49.21170925482468], [-123.13727736337945, 49.202713988696665], [-123.15100505195306, 49.20269685735335]]], ""type"": ""Polygon""}";49.20720319072193, -123.14415428310416
4890005452000;https://webtransfer.vancouver.ca/opendata/2022LiDAR/489000_5452000.zip;"{""coordinates"": [[[-123.15105985745701, 49.220687364710535], [-123.15108728070128, 49.229682597249756], [-123.13735211687072, 49.2296997448072], [-123.13732718662071, 49.2207045068613], [-123.15105985745701, 49.220687364710535]]], ""type"": ""Polygon""}";49.22519368947659, -123.14420661051646
4890005457000;https://webtransfer.vancouver.ca/opendata/2022LiDAR/489000_5457000.zip;"{""coordinates"": [[[-123.1511971104984, 49.26566338649345], [-123.1512246021967, 49.274658548579495], [-123.13747695473396, 49.27467572319958], [-123.13745196225287, 49.26568055569711], [-123.1511971104984, 49.26566338649345]]], ""type"": ""Polygon""}";49.27016968977655, -123.1443376575259
4890005458000;https://webtransfer.vancouver.ca/opendata/2022LiDAR/489000_5458000.zip;"{""coordinates"": [[[-123.1512246021967, 49.274658548579495], [-123.1512521076123, 49.283653696576934], [-123.13750195968532, 49.283670876615425], [-123.13747695473396, 49.27467572319958], [-123.1512246021967, 49.274658548579495]]], ""type"": ""Polygon""}";49.279164847569994, -123.14436390616272
4890005459000;https://webtransfer.vancouver.ca/opendata/2022LiDAR/489000_5459000.zip;"{""coordinates"": [[[-123.1512521076123, 49.283653696576934], [-123.15127962675396, 49.292648830486485], [-123.13752697711496, 49.292666015945336], [-123.13750195968532, 49.283670876615425], [-123.1512521076123, 49.283653696576934]]], ""type"": ""Polygon""}";49.28815999127618, -123.14439016789757
4890005460000;https://webtransfer.vancouver.ca/opendata/2022LiDAR/489000_5460000.zip;"{""coordinates"": [[[-123.15127962675396, 49.292648830486485], [-123.15130715963056, 49.301643950308815], [-123.13755200703092, 49.30166114119], [-123.13752697711496, 49.292666015945336], [-123.15127962675396, 49.292648830486485]]], ""type"": ""Polygon""}";49.29715512089582, -123.1444164427388
4890005461000;https://webtransfer.vancouver.ca/opendata/2022LiDAR/489000_5461000.zip;"{""coordinates"": [[[-123.15130715963056, 49.301643950308815], [-123.15133470625092, 49.310639056044614], [-123.13757704944122, 49.31065625235009], [-123.13755200703092, 49.30166114119], [-123.15130715963056, 49.301643950308815]]], ""type"": ""Polygon""}";49.30615023642959, -123.1444427306949
4900005449000;https://webtransfer.vancouver.ca/opendata/2022LiDAR/490000_5449000.zip;"{""coordinates"": [[[-123.13725247037226, 49.19371870847655], [-123.13727736337945, 49.202713988696665], [-123.12354966239958, 49.20272948849485], [-123.12352725867042, 49.193734203388274], [-123.13725247037226, 49.19371870847655]]], ""type"": ""Polygon""}";49.198224233205075, -123.13040168879881
4900005451000;https://webtransfer.vancouver.ca/opendata/2022LiDAR/490000_5451000.zip;"{""coordinates"": [[[-123.13730226879296, 49.21170925482468], [-123.13732718662071, 49.2207045068613], [-123.12359450336217, 49.2207200164377], [-123.12357207729445, 49.211724759511085], [-123.13730226879296, 49.21170925482468]]], ""type"": ""Polygon""}";49.21621477043544, -123.13044900911146
4900005455000;https://webtransfer.vancouver.ca/opendata/2022LiDAR/490000_5455000.zip;"{""coordinates"": [[[-123.13740201466936, 49.247690178429515], [-123.13742698223398, 49.25668537410731], [-123.12368431950527, 49.25670090326133], [-123.12366184867427, 49.24770570268649], [-123.13740201466936, 49.247690178429515]]], ""type"": ""Polygon""}";49.252195675819614, -123.1305437913656
4900005457000;https://webtransfer.vancouver.ca/opendata/2022LiDAR/490000_5457000.zip;"{""coordinates"": [[[-123.13745196225287, 49.26568055569711], [-123.13747695473396, 49.27467572319958], [-123.12372929480094, 49.27469126215302], [-123.1237068015451, 49.265696089749945], [-123.13745196225287, 49.26568055569711]]], ""type"": ""Polygon""}";49.27018604398432, -123.13059125342858
4900005459000;https://webtransfer.vancouver.ca/opendata/2022LiDAR/490000_5459000.zip;"{""coordinates"": [[[-123.13750195968532, 49.283670876615425], [-123.13752697711496, 49.292666015945336], [-123.12377431498963, 49.29268156470529], [-123.12375179928006, 49.28368642047122], [-123.13750195968532, 49.283670876615425]]], ""type"": ""Polygon""}";49.28817635580472, -123.13063876286337
4900005462000;https://webtransfer.vancouver.ca/opendata/2022LiDAR/490000_5462000.zip;"{""coordinates"": [[[-123.13757704944122, 49.31065625235009], [-123.13760210435396, 49.31965134942632], [-123.12384192957356, 49.31966691290937], [-123.12381938012915, 49.31067181092365], [-123.13757704944122, 49.31065625235009]]], ""type"": ""Polygon""}";49.31516171790188, -123.13071011597107
4910005454000;https://webtransfer.vancouver.ca/opendata/2022LiDAR/491000_5454000.zip;"{""coordinates"": [[[-123.1236393890449, 49.23871048802471], [-123.12366184867427, 49.24770570268649], [-123.10992167147761, 49.247719592820324], [-123.10990170734446, 49.23872437377856], [-123.1236393890449, 49.23871048802471]]], ""type"": ""Polygon""}";49.24321517548326, -123.11678115421998
4910005459000;https://webtransfer.vancouver.ca/opendata/2022LiDAR/491000_5459000.zip;"{""coordinates"": [[[-123.12375179928006, 49.28368642047122], [-123.12377431498963, 49.29268156470529], [-123.11002164162659, 49.29269547676287], [-123.11000162764431, 49.28370032814091], [-123.12375179928006, 49.28368642047122]]], ""type"": ""Polygon""}";49.2881910838907, -123.11688734597092
4920005451000;https://webtransfer.vancouver.ca/opendata/2022LiDAR/492000_5451000.zip;"{""coordinates"": [[[-123.1098418746231, 49.21173863213445], [-123.10986180892361, 49.22073389343631], [-123.09612910454722, 49.220746137854036], [-123.0961116620203, 49.21175087269164], [-123.1098418746231, 49.21173863213445]]], ""type"": ""Polygon""}";49.2162425200563, -123.10298611260268
4920005454000;https://webtransfer.vancouver.ca/opendata/2022LiDAR/492000_5454000.zip;"{""coordinates"": [[[-123.10990170734446, 49.23872437377856], [-123.10992167147761, 49.247719592820324], [-123.0961814843239, 49.247731848827996], [-123.09616401569342, 49.23873662592152], [-123.10990170734446, 49.23872437377856]]], ""type"": ""Polygon""}";49.243228246493054, -123.10304221978456
4920005455000;https://webtransfer.vancouver.ca/opendata/2022LiDAR/492000_5455000.zip;"{""coordinates"": [[[-123.10992167147761, 49.247719592820324], [-123.10994164556774, 49.25671479777676], [-123.09619896166679, 49.25672705765053], [-123.0961814843239, 49.247731848827996], [-123.10992167147761, 49.247719592820324]]], ""type"": ""Polygon""}";49.2522234604678, -123.1030609408339
4920005456000;https://webtransfer.vancouver.ca/opendata/2022LiDAR/492000_5456000.zip;"{""coordinates"": [[[-123.10994164556774, 49.25671479777676], [-123.10996162962131, 49.26570998864853], [-123.0962164477277, 49.265722252389814], [-123.09619896166679, 49.25672705765053], [-123.10994164556774, 49.25671479777676]]], ""type"": ""Polygon""}";49.26121866035826, -123.10307967122095
4930005453000;https://webtransfer.vancouver.ca/opendata/2022LiDAR/493000_5453000.zip;"{""coordinates"": [[[-123.09614655576969, 49.229741388930414], [-123.09616401569342, 49.23873662592152], [-123.08242631533558, 49.238747244450884], [-123.0824113496763, 49.22975200411158], [-123.09614655576969, 49.229741388930414]]], ""type"": ""Polygon""}";49.23424445196681, -123.08928705918333
4930005456000;https://webtransfer.vancouver.ca/opendata/2022LiDAR/493000_5456000.zip;"{""coordinates"": [[[-123.09619896166679, 49.25672705765053], [-123.0962164477277, 49.265722252389814], [-123.08247125711047, 49.26573288097104], [-123.08245626904787, 49.25673768287992], [-123.09619896166679, 49.25672705765053]]], ""type"": ""Polygon""}";49.261230104714876, -123.08933573395329
4930005458000;https://webtransfer.vancouver.ca/opendata/2022LiDAR/493000_5458000.zip;"{""coordinates"": [[[-123.09623394251219, 49.27471743304654], [-123.0962514460259, 49.28371259962138], [-123.08250125567264, 49.28372323490994], [-123.08248625265045, 49.27472806498083], [-123.09623394251219, 49.27471743304654]]], ""type"": ""Polygon""}";49.27922046946768, -123.08936822428072
4940005452000;https://webtransfer.vancouver.ca/opendata/2022LiDAR/494000_5452000.zip;"{""coordinates"": [[[-123.0823963914752, 49.22075674968819], [-123.0824113496763, 49.22975200411158], [-123.0686761361247, 49.22976098619191], [-123.0686636709498, 49.22076572893644], [-123.0823963914752, 49.22075674968819]]], ""type"": ""Polygon""}";49.225259003302455, -123.07553688711099
4940005457000;https://webtransfer.vancouver.ca/opendata/2022LiDAR/494000_5457000.zip;"{""coordinates"": [[[-123.08247125711047, 49.26573288097104], [-123.08248625265045, 49.27472806498083], [-123.06873855530655, 49.274737061236905], [-123.06872605901586, 49.26574187438993], [-123.08247125711047, 49.26573288097104]]], ""type"": ""Polygon""}";49.27023510667984, -123.07560553107605
4940005458000;https://webtransfer.vancouver.ca/opendata/2022LiDAR/494000_5458000.zip;"{""coordinates"": [[[-123.08248625265045, 49.27472806498083], [-123.08250125567264, 49.28372323490994], [-123.0687510578324, 49.283732234004255], [-123.06873855530655, 49.274737061236905], [-123.08248625265045, 49.27472806498083]]], ""type"": ""Polygon""}";49.27923028511117, -123.07561928042088
4950005453000;https://webtransfer.vancouver.ca/opendata/2022LiDAR/495000_5453000.zip;"{""coordinates"": [[[-123.0686761361247, 49.22976098619191], [-123.06868860751477, 49.23875622936431], [-123.05495089347481, 49.23876358065982], [-123.05494091635795, 49.229768335169425], [-123.0686761361247, 49.22976098619191]]], ""type"": ""Polygon""}";49.234262418959844, -123.06181413841277
4950005457000;https://webtransfer.vancouver.ca/opendata/2022LiDAR/495000_5457000.zip;"{""coordinates"": [[[-123.06872605901586, 49.26574187438993], [-123.06873855530655, 49.274737061236905], [-123.05499085172744, 49.27474442181278], [-123.0549808546901, 49.26574923264446], [-123.06872605901586, 49.26574187438993]]], ""type"": ""Polygon""}";49.27024328380633, -123.06185908023018
4950005459000;https://webtransfer.vancouver.ca/opendata/2022LiDAR/495000_5459000.zip;"{""coordinates"": [[[-123.0687510578324, 49.283732234004255], [-123.06876356659744, 49.29272739269266], [-123.05501086076981, 49.292734757913735], [-123.05500085375296, 49.283739596902294], [-123.0687510578324, 49.283732234004255]]], ""type"": ""Polygon""}";49.288233631749534, -123.06188158478355
4950005460000;https://webtransfer.vancouver.ca/opendata/2022LiDAR/495000_5460000.zip;"{""coordinates"": [[[-123.06876356659744, 49.29272739269266], [-123.06877608160568, 49.30172253730283], [-123.05502087278123, 49.301729904847775], [-123.05501086076981, 49.292734757913735], [-123.06876356659744, 49.29272739269266]]], ""type"": ""Polygon""}";49.29722878460359, -123.06189284548405
4960005450000;https://webtransfer.vancouver.ca/opendata/2022LiDAR/496000_5450000.zip;"{""coordinates"": [[[-123.05491101482743, 49.20278251420209], [-123.05492097703745, 49.21177780194124], [-123.04119073712315, 49.21178351421051], [-123.0411832654628, 49.20278822467039], [-123.05491101482743, 49.20278251420209]]], ""type"": ""Polygon""}";49.207283149740924, -123.0480514986472
4960005455000;https://webtransfer.vancouver.ca/opendata/2022LiDAR/496000_5455000.zip;"{""coordinates"": [[[-123.05496087556698, 49.24775881206865], [-123.05497086263766, 49.25675402939664], [-123.04122815133728, 49.256759750680324], [-123.04122066103145, 49.24776453154816], [-123.05496087556698, 49.24775881206865]]], ""type"": ""Polygon""}";49.2522594171229, -123.0480951376783
4960005457000;https://webtransfer.vancouver.ca/opendata/2022LiDAR/496000_5457000.zip;"{""coordinates"": [[[-123.0549808546901, 49.26574923264446], [-123.05499085172744, 49.27474442181278], [-123.0412431431602, 49.274750146706815], [-123.04123564537937, 49.26575495573297], [-123.0549808546901, 49.26574923264446]]], ""type"": ""Polygon""}";49.270249825509666, -123.04811262377441
4970005458000;https://webtransfer.vancouver.ca/opendata/2022LiDAR/497000_5458000.zip;"{""coordinates"": [[[-123.0412431431602, 49.274750146706815], [-123.04125064468217, 49.28374532360246], [-123.02750043186785, 49.2837494141035], [-123.02749543085187, 49.27475423591772], [-123.0412431431602, 49.274750146706815]]], ""type"": ""Polygon""}";49.279249916411096, -123.03437241266568
4970005460000;https://webtransfer.vancouver.ca/opendata/2022LiDAR/497000_5460000.zip;"{""coordinates"": [[[-123.0412581499476, 49.29274048642069], [-123.04126565895899, 49.30173563516219], [-123.0275104413884, 49.301739728244826], [-123.02750543537948, 49.2927445782123], [-123.0412581499476, 49.29274048642069]]], ""type"": ""Polygon""}";49.29724024342452, -123.03438492144392
4980005449000;https://webtransfer.vancouver.ca/opendata/2022LiDAR/498000_5449000.zip;"{""coordinates"": [[[-123.02745053374936, 49.1937969986676], [-123.02745551237628, 49.20279230357726], [-123.01372775680846, 49.20279475092173], [-123.01372526749459, 49.19379944524052], [-123.02745053374936, 49.1937969986676]]], ""type"": ""Polygon""}";49.19829601054391, -123.02058976762193
4980005455000;https://webtransfer.vancouver.ca/opendata/2022LiDAR/498000_5455000.zip;"{""coordinates"": [[[-123.02748044276203, 49.24776861689155], [-123.02748543630057, 49.25676383731244], [-123.01374271877302, 49.25676628929207], [-123.01374022200334, 49.24777106809797], [-123.02748044276203, 49.24776861689155]]], ""type"": ""Polygon""}";49.252267589098096, -123.02061220497471
4980005458000;https://webtransfer.vancouver.ca/opendata/2022LiDAR/498000_5458000.zip;"{""coordinates"": [[[-123.02749543085187, 49.27475423591772], [-123.02750043186785, 49.2837494141035], [-123.01375021655784, 49.283751868404465], [-123.01374771604945, 49.27475668944461], [-123.02749543085187, 49.27475423591772]]], ""type"": ""Polygon""}";49.2792531882961, -123.02062344884685
4800005455000;https://webtransfer.vancouver.ca/opendata/2022LiDAR/480000_5455000.zip;"{""coordinates"": [[[-123.27480278472324, 49.24744506002134], [-123.27485271905188, 49.25644017837806], [-123.26111023690703, 49.256472053669775], [-123.26106279919595, 49.247476925261395], [-123.27480278472324, 49.24744506002134]]], ""type"": ""Polygon""}";49.25195869052733, -123.26795713516418
4810005454000;https://webtransfer.vancouver.ca/opendata/2022LiDAR/481000_5454000.zip;"{""coordinates"": [[[-123.26101538513208, 49.238481782740045], [-123.26106279919595, 49.247476925261395], [-123.24732279002143, 49.24750715642885], [-123.24727787134582, 49.238512004374726], [-123.26101538513208, 49.238481782740045]]], ""type"": ""Polygon""}";49.24299460335348, -123.25416971160804
4810005456000;https://webtransfer.vancouver.ca/opendata/2022LiDAR/481000_5456000.zip;"{""coordinates"": [[[-123.26111023690703, 49.256472053669775], [-123.26115769828054, 49.26546716796583], [-123.24741269459518, 49.265497418209144], [-123.24736773109974, 49.25650229437343], [-123.26111023690703, 49.256472053669775]]], ""type"": ""Polygon""}";49.260984869792686, -123.2542620904058
4810005458000;https://webtransfer.vancouver.ca/opendata/2022LiDAR/481000_5458000.zip;"{""coordinates"": [[[-123.2612051833317, 49.27446226815024], [-123.26125269207577, 49.28345735422366], [-123.24750268889512, 49.28348762355663], [-123.24745768052215, 49.274492527936644], [-123.2612051833317, 49.27446226815024]]], ""type"": ""Polygon""}";49.27897507979091, -123.25435456139235
4820005457000;https://webtransfer.vancouver.ca/opendata/2022LiDAR/482000_5457000.zip;"{""coordinates"": [[[-123.24741269459518, 49.265497418209144], [-123.24745768052215, 49.274492527936644], [-123.23371015526665, 49.27452115209688], [-123.23366766847829, 49.265526033342084], [-123.24741269459518, 49.265497418209144]]], ""type"": ""Polygon""}";49.27000941917778, -123.24056204989118
4830005452000;https://webtransfer.vancouver.ca/opendata/2022LiDAR/483000_5452000.zip;"{""coordinates"": [[[-123.23345555204551, 49.220550227980645], [-123.23349793304287, 49.22954541726685], [-123.21976286989623, 49.22957236326802], [-123.21972298182844, 49.220577165485736], [-123.23345555204551, 49.220550227980645]]], ""type"": ""Polygon""}";49.22506142956762, -123.22660983436673
4830005454000;https://webtransfer.vancouver.ca/opendata/2022LiDAR/483000_5454000.zip;"{""coordinates"": [[[-123.23354033517124, 49.23854059244541], [-123.23358275844421, 49.24753575351701], [-123.2198427057088, 49.24756271651961], [-123.2198027778521, 49.23856754694576], [-123.23354033517124, 49.23854059244541]]], ""type"": ""Polygon""}";49.243051788510094, -123.22669214445838
4830005455000;https://webtransfer.vancouver.ca/opendata/2022LiDAR/483000_5455000.zip;"{""coordinates"": [[[-123.23358275844421, 49.24753575351701], [-123.23362520287534, 49.25653090048237], [-123.21988265347916, 49.25655787199025], [-123.2198427057088, 49.24756271651961], [-123.23358275844421, 49.24753575351701]]], ""type"": ""Polygon""}";49.252046946823405, -123.22673333029162
4830005458000;https://webtransfer.vancouver.ca/opendata/2022LiDAR/483000_5458000.zip;"{""coordinates"": [[[-123.23371015526665, 49.27452115209688], [-123.23375266325404, 49.2835162567474], [-123.22000261640025, 49.283543253789645], [-123.21996260881205, 49.2745481406246], [-123.23371015526665, 49.27452115209688]]], ""type"": ""Polygon""}";49.27903233713966, -123.22685701109928
4840005452000;https://webtransfer.vancouver.ca/opendata/2022LiDAR/484000_5452000.zip;"{""coordinates"": [[[-123.21972298182844, 49.220577165485736], [-123.21976286989623, 49.22957236326802], [-123.20602778686153, 49.22959767620802], [-123.20599039173608, 49.22060247044455], [-123.21972298182844, 49.220577165485736]]], ""type"": ""Polygon""}";49.225087554919305, -123.21287600773414
4840005457000;https://webtransfer.vancouver.ca/opendata/2022LiDAR/484000_5457000.zip;"{""coordinates"": [[[-123.21992262117595, 49.26555301335836], [-123.21996260881205, 49.2745481406246], [-123.20621504240538, 49.27457349351383], [-123.20617755393438, 49.26557835825197], [-123.21992262117595, 49.26555301335836]]], ""type"": ""Polygon""}";49.27006338771963, -123.2130694567375
4840005458000;https://webtransfer.vancouver.ca/opendata/2022LiDAR/484000_5458000.zip;"{""coordinates"": [[[-123.21996260881205, 49.2745481406246], [-123.22000261640025, 49.283543253789645], [-123.20625254958154, 49.28356861467742], [-123.20621504240538, 49.27457349351383], [-123.21996260881205, 49.2745481406246]]], ""type"": ""Polygon""}";49.27905851197682, -123.21310820445579
4850005452000;https://webtransfer.vancouver.ca/opendata/2022LiDAR/485000_5452000.zip;"{""coordinates"": [[[-123.20599039173608, 49.22060247044455], [-123.20602778686153, 49.22959767620802], [-123.19229268518173, 49.22962135608123], [-123.19225778301059, 49.22062614285146], [-123.20599039173608, 49.22060247044455]]], ""type"": ""Polygon""}";49.225112047464414, -123.19914216184115
4860005454000;https://webtransfer.vancouver.ca/opendata/2022LiDAR/486000_5454000.zip;"{""coordinates"": [[[-123.19232760475501, 49.23861655521203], [-123.19236254174162, 49.24761174024453], [-123.17862243299892, 49.24763380095605], [-123.17858999146455, 49.23863860896714], [-123.19232760475501, 49.23861655521203]]], ""type"": ""Polygon""}";49.24312531249925, -123.18547564287447
4860005455000;https://webtransfer.vancouver.ca/opendata/2022LiDAR/486000_5455000.zip;"{""coordinates"": [[[-123.19236254174162, 49.24761174024453], [-123.19239749615275, 49.256606911179404], [-123.17865489071326, 49.25662897884987], [-123.17862243299892, 49.24763380095605], [-123.19236254174162, 49.24761174024453]]], ""type"": ""Polygon""}";49.252120494004714, -123.1855093405364
4870005451000;https://webtransfer.vancouver.ca/opendata/2022LiDAR/487000_5451000.zip;"{""coordinates"": [[[-123.17849276383734, 49.211652948422966], [-123.17852515689415, 49.22064818270128], [-123.1647925146289, 49.220668589989124], [-123.1647626133058, 49.21167334927667], [-123.17849276383734, 49.211652948422966]]], ""type"": ""Polygon""}";49.216160903623404, -123.17164326229008
4870005453000;https://webtransfer.vancouver.ca/opendata/2022LiDAR/487000_5453000.zip;"{""coordinates"": [[[-123.17855756609977, 49.22964340288243], [-123.17858999146455, 49.23863860896714], [-123.16485236200455, 49.2386590291303], [-123.16482243085862, 49.22966381660679], [-123.17855756609977, 49.22964340288243]]], ""type"": ""Polygon""}";49.234151350508384, -123.17170558773104
4870005454000;https://webtransfer.vancouver.ca/opendata/2022LiDAR/487000_5454000.zip;"{""coordinates"": [[[-123.17858999146455, 49.23863860896714], [-123.17862243299892, 49.24763380095605], [-123.16488230807624, 49.24765422756035], [-123.16485236200455, 49.2386590291303], [-123.17858999146455, 49.23863860896714]]], ""type"": ""Polygon""}";49.243146552808106, -123.17173677376053
4870005455000;https://webtransfer.vancouver.ca/opendata/2022LiDAR/487000_5455000.zip;"{""coordinates"": [[[-123.17862243299892, 49.24763380095605], [-123.17865489071326, 49.25662897884987], [-123.16491226908337, 49.2566494118976], [-123.16488230807624, 49.24765422756035], [-123.17862243299892, 49.24763380095605]]], ""type"": ""Polygon""}";49.25214174101356, -123.17176797534276
4870005456000;https://webtransfer.vancouver.ca/opendata/2022LiDAR/487000_5456000.zip;"{""coordinates"": [[[-123.17865489071326, 49.25662897884987], [-123.17868736461797, 49.26562414264924], [-123.1649422450355, 49.2656445821428], [-123.16491226908337, 49.2566494118976], [-123.17865489071326, 49.25662897884987]]], ""type"": ""Polygon""}";49.261136915125434, -123.17179919248767
4870005457000;https://webtransfer.vancouver.ca/opendata/2022LiDAR/487000_5457000.zip;"{""coordinates"": [[[-123.17868736461797, 49.26562414264924], [-123.17871985472348, 49.27461929235486], [-123.16497223594223, 49.274639738296536], [-123.1649422450355, 49.2656445821428], [-123.17868736461797, 49.26562414264924]]], ""type"": ""Polygon""}";49.270132075144396, -123.17183042520527
4880005450000;https://webtransfer.vancouver.ca/opendata/2022LiDAR/488000_5450000.zip;"{""coordinates"": [[[-123.16473272687975, 49.202678094468695], [-123.1647626133058, 49.21167334927667], [-123.15103244787721, 49.21169211807861], [-123.15100505195306, 49.20269685735335], [-123.16473272687975, 49.202678094468695]]], ""type"": ""Polygon""}";49.20718524077766, -123.1578832101173
4880005451000;https://webtransfer.vancouver.ca/opendata/2022LiDAR/488000_5451000.zip;"{""coordinates"": [[[-123.1647626133058, 49.21167334927667], [-123.1647925146289, 49.220668589989124], [-123.15105985745701, 49.220687364710535], [-123.15103244787721, 49.21169211807861], [-123.1647626133058, 49.21167334927667]]], ""type"": ""Polygon""}";49.21618049153995, -123.15791185843086
4880005452000;https://webtransfer.vancouver.ca/opendata/2022LiDAR/488000_5452000.zip;"{""coordinates"": [[[-123.1647925146289, 49.220668589989124], [-123.16482243085862, 49.22966381660679], [-123.15108728070128, 49.229682597249756], [-123.15105985745701, 49.220687364710535], [-123.1647925146289, 49.220668589989124]]], ""type"": ""Polygon""}";49.22517572820816, -123.15794052102538
4880005459000;https://webtransfer.vancouver.ca/opendata/2022LiDAR/488000_5459000.zip;"{""coordinates"": [[[-123.1650022418132, 49.28363488035954], [-123.16503226265806, 49.292630008332516], [-123.15127962675396, 49.292648830486485], [-123.1512521076123, 49.283653696576934], [-123.1650022418132, 49.28363488035954]]], ""type"": ""Polygon""}";49.288141990308716, -123.1581415598254
4880005460000;https://webtransfer.vancouver.ca/opendata/2022LiDAR/488000_5460000.zip;"{""coordinates"": [[[-123.16503226265806, 49.292630008332516], [-123.16506229848645, 49.30162512221612], [-123.15130715963056, 49.301643950308815], [-123.15127962675396, 49.292648830486485], [-123.16503226265806, 49.292630008332516]]], ""type"": ""Polygon""}";49.297137114248876, -123.1581703369986
4890005453000;https://webtransfer.vancouver.ca/opendata/2022LiDAR/489000_5453000.zip;"{""coordinates"": [[[-123.15108728070128, 49.229682597249756], [-123.15111471761873, 49.238677815696974], [-123.13737705955093, 49.238694968663054], [-123.13735211687072, 49.2296997448072], [-123.15108728070128, 49.229682597249756]]], ""type"": ""Polygon""}";49.234188917716565, -123.14423279378971
4890005454000;https://webtransfer.vancouver.ca/opendata/2022LiDAR/489000_5454000.zip;"{""coordinates"": [[[-123.15111471761873, 49.238677815696974], [-123.1511421682182, 49.24767302005288], [-123.13740201466936, 49.247690178429515], [-123.13737705955093, 49.238694968663054], [-123.15111471761873, 49.238677815696974]]], ""type"": ""Polygon""}";49.243184131865846, -123.1442589901189
4890005455000;https://webtransfer.vancouver.ca/opendata/2022LiDAR/489000_5455000.zip;"{""coordinates"": [[[-123.1511421682182, 49.24767302005288], [-123.1511696325085, 49.25666821031814], [-123.13742698223398, 49.25668537410731], [-123.13740201466936, 49.247690178429515], [-123.1511421682182, 49.24767302005288]]], ""type"": ""Polygon""}";49.252179331925156, -123.1442851995124
4890005462000;https://webtransfer.vancouver.ca/opendata/2022LiDAR/489000_5462000.zip;"{""coordinates"": [[[-123.15133470625092, 49.310639056044614], [-123.1513622666239, 49.3196341476946], [-123.13760210435396, 49.31965134942632], [-123.13757704944122, 49.31065625235009], [-123.15133470625092, 49.310639056044614]]], ""type"": ""Polygon""}";49.315145337878164, -123.14446903177425
4900005450000;https://webtransfer.vancouver.ca/opendata/2022LiDAR/490000_5450000.zip;"{""coordinates"": [[[-123.13727736337945, 49.202713988696665], [-123.13730226879296, 49.21170925482468], [-123.12357207729445, 49.211724759511085], [-123.12354966239958, 49.20272948849485], [-123.13727736337945, 49.202713988696665]]], ""type"": ""Polygon""}";49.207219508865684, -123.13042534306024
4900005454000;https://webtransfer.vancouver.ca/opendata/2022LiDAR/490000_5454000.zip;"{""coordinates"": [[[-123.13737705955093, 49.238694968663054], [-123.13740201466936, 49.247690178429515], [-123.12366184867427, 49.24770570268649], [-123.1236393890449, 49.23871048802471], [-123.13737705955093, 49.238694968663054]]], ""type"": ""Polygon""}";49.24320047060645, -123.13052007807951
4910005450000;https://webtransfer.vancouver.ca/opendata/2022LiDAR/491000_5450000.zip;"{""coordinates"": [[[-123.12354966239958, 49.20272948849485], [-123.12357207729445, 49.211724759511085], [-123.1098418746231, 49.21173863213445], [-123.10982195025404, 49.20274335674452], [-123.12354966239958, 49.20272948849485]]], ""type"": ""Polygon""}";49.20723419520533, -123.11669639122655
4910005451000;https://webtransfer.vancouver.ca/opendata/2022LiDAR/491000_5451000.zip;"{""coordinates"": [[[-123.12357207729445, 49.211724759511085], [-123.12359450336217, 49.2207200164377], [-123.10986180892361, 49.22073389343631], [-123.1098418746231, 49.21173863213445], [-123.12357207729445, 49.211724759511085]]], ""type"": ""Polygon""}";49.216229461406876, -123.11671756613484
4910005452000;https://webtransfer.vancouver.ca/opendata/2022LiDAR/491000_5452000.zip;"{""coordinates"": [[[-123.12359450336217, 49.2207200164377], [-123.12361694060993, 49.22971525927535], [-123.10988175316193, 49.22972914065078], [-123.10986180892361, 49.22073389343631], [-123.12359450336217, 49.2207200164377]]], ""type"": ""Polygon""}";49.22522471351992, -123.1167387515986
4910005455000;https://webtransfer.vancouver.ca/opendata/2022LiDAR/491000_5455000.zip;"{""coordinates"": [[[-123.12366184867427, 49.24770570268649], [-123.12368431950527, 49.25670090326133], [-123.10994164556774, 49.25671479777676], [-123.10992167147761, 49.247719592820324], [-123.12366184867427, 49.24770570268649]]], ""type"": ""Polygon""}";49.252210385334905, -123.11680237139109
4910005456000;https://webtransfer.vancouver.ca/opendata/2022LiDAR/491000_5456000.zip;"{""coordinates"": [[[-123.12368431950527, 49.25670090326133], [-123.1237068015451, 49.265696089749945], [-123.10996162962131, 49.26570998864853], [-123.10994164556774, 49.25671479777676], [-123.12368431950527, 49.25670090326133]]], ""type"": ""Polygon""}";49.26120558110079, -123.11682359914496
4910005457000;https://webtransfer.vancouver.ca/opendata/2022LiDAR/491000_5457000.zip;"{""coordinates"": [[[-123.1237068015451, 49.265696089749945], [-123.12372929480094, 49.27469126215302], [-123.10998162364469, 49.274705165436345], [-123.10996162962131, 49.26570998864853], [-123.1237068015451, 49.265696089749945]]], ""type"": ""Polygon""}";49.2702007627816, -123.11684483748834
4910005458000;https://webtransfer.vancouver.ca/opendata/2022LiDAR/491000_5458000.zip;"{""coordinates"": [[[-123.12372929480094, 49.27469126215302], [-123.12375179928006, 49.28368642047122], [-123.11000162764431, 49.28370032814091], [-123.10998162364469, 49.274705165436345], [-123.12372929480094, 49.27469126215302]]], ""type"": ""Polygon""}";49.279195930377995, -123.11686608642805
4910005460000;https://webtransfer.vancouver.ca/opendata/2022LiDAR/491000_5460000.zip;"{""coordinates"": [[[-123.12377431498963, 49.29268156470529], [-123.12379684193691, 49.30167669485587], [-123.11004166559795, 49.30169061130297], [-123.11002164162659, 49.29269547676287], [-123.12377431498963, 49.29268156470529]]], ""type"": ""Polygon""}";49.29718622332041, -123.11690861612375
4920005453000;https://webtransfer.vancouver.ca/opendata/2022LiDAR/492000_5453000.zip;"{""coordinates"": [[[-123.10988175316193, 49.22972914065078], [-123.10990170734446, 49.23872437377856], [-123.09616401569342, 49.23873662592152], [-123.09614655576969, 49.229741388930414], [-123.10988175316193, 49.22972914065078]]], ""type"": ""Polygon""}";49.23423301843332, -123.10302350806687
4920005457000;https://webtransfer.vancouver.ca/opendata/2022LiDAR/492000_5457000.zip;"{""coordinates"": [[[-123.10996162962131, 49.26570998864853], [-123.10998162364469, 49.274705165436345], [-123.09623394251219, 49.27471743304654], [-123.0962164477277, 49.265722252389814], [-123.10996162962131, 49.26570998864853]]], ""type"": ""Polygon""}";49.270213846165134, -123.10309841095174
4920005458000;https://webtransfer.vancouver.ca/opendata/2022LiDAR/492000_5458000.zip;"{""coordinates"": [[[-123.10998162364469, 49.274705165436345], [-123.11000162764431, 49.28370032814091], [-123.0962514460259, 49.28371259962138], [-123.09623394251219, 49.27471743304654], [-123.10998162364469, 49.274705165436345]]], ""type"": ""Polygon""}";49.27920901788912, -123.10311716003224
4930005452000;https://webtransfer.vancouver.ca/opendata/2022LiDAR/493000_5452000.zip;"{""coordinates"": [[[-123.09612910454722, 49.220746137854036], [-123.09614655576969, 49.229741388930414], [-123.0824113496763, 49.22975200411158], [-123.0823963914752, 49.22075674968819], [-123.09612910454722, 49.220746137854036]]], ""type"": ""Polygon""}";49.22524920621635, -123.08927085043152
4930005457000;https://webtransfer.vancouver.ca/opendata/2022LiDAR/493000_5457000.zip;"{""coordinates"": [[[-123.0962164477277, 49.265722252389814], [-123.09623394251219, 49.27471743304654], [-123.08248625265045, 49.27472806498083], [-123.08247125711047, 49.26573288097104], [-123.0962164477277, 49.265722252389814]]], ""type"": ""Polygon""}";49.270225294132075, -123.08935197506544
4930005459000;https://webtransfer.vancouver.ca/opendata/2022LiDAR/493000_5459000.zip;"{""coordinates"": [[[-123.0962514460259, 49.28371259962138], [-123.09626895827446, 49.29270775211506], [-123.08251626618187, 49.292718390759106], [-123.08250125567264, 49.28372323490994], [-123.0962514460259, 49.28371259962138]]], ""type"": ""Polygon""}";49.28821563072239, -123.08938448160431
4940005450000;https://webtransfer.vancouver.ca/opendata/2022LiDAR/494000_5450000.zip;"{""coordinates"": [[[-123.08236649742837, 49.20276619858635], [-123.08238144072747, 49.21176148118001], [-123.06865121198607, 49.21177045759721], [-123.06863875922949, 49.202775172173524], [-123.08236649742837, 49.20276619858635]]], ""type"": ""Polygon""}";49.20726846336892, -123.07550947739708
4940005451000;https://webtransfer.vancouver.ca/opendata/2022LiDAR/494000_5451000.zip;"{""coordinates"": [[[-123.08238144072747, 49.21176148118001], [-123.0823963914752, 49.22075674968819], [-123.0686636709498, 49.22076572893644], [-123.06865121198607, 49.21177045759721], [-123.08238144072747, 49.21176148118001]]], ""type"": ""Polygon""}";49.216263740378, -123.07552317883899
4940005454000;https://webtransfer.vancouver.ca/opendata/2022LiDAR/494000_5454000.zip;"{""coordinates"": [[[-123.08242631533558, 49.238747244450884], [-123.08244128845782, 49.247742470706775], [-123.06870108512399, 49.24775145845432], [-123.06868860751477, 49.23875622936431], [-123.08242631533558, 49.238747244450884]]], ""type"": ""Polygon""}";49.24324948690035, -123.0755643241628
4940005456000;https://webtransfer.vancouver.ca/opendata/2022LiDAR/494000_5456000.zip;"{""coordinates"": [[[-123.08245626904787, 49.25673768287992], [-123.08247125711047, 49.26573288097104], [-123.06872605901586, 49.26574187438993], [-123.06871356895635, 49.25674667346263], [-123.08245626904787, 49.25673768287992]]], ""type"": ""Polygon""}";49.26123991416807, -123.07559178858772
4950005451000;https://webtransfer.vancouver.ca/opendata/2022LiDAR/495000_5451000.zip;"{""coordinates"": [[[-123.06865121198607, 49.21177045759721], [-123.0686636709498, 49.22076572893644], [-123.05493094421325, 49.22077307559679], [-123.05492097703745, 49.21177780194124], [-123.06865121198607, 49.21177045759721]]], ""type"": ""Polygon""}";49.21627190204558, -123.06179170109111
4950005455000;https://webtransfer.vancouver.ca/opendata/2022LiDAR/495000_5455000.zip;"{""coordinates"": [[[-123.06870108512399, 49.24775145845432], [-123.06871356895635, 49.25674667346263], [-123.05497086263766, 49.25675402939664], [-123.05496087556698, 49.24775881206865], [-123.06870108512399, 49.24775145845432]]], ""type"": ""Polygon""}";49.25225287954491, -123.06183659811616
4950005456000;https://webtransfer.vancouver.ca/opendata/2022LiDAR/495000_5456000.zip;"{""coordinates"": [[[-123.06871356895635, 49.25674667346263], [-123.06872605901586, 49.26574187438993], [-123.0549808546901, 49.26574923264446], [-123.05497086263766, 49.25675402939664], [-123.06871356895635, 49.25674667346263]]], ""type"": ""Polygon""}";49.26124808871574, -123.06184783637006
4960005451000;https://webtransfer.vancouver.ca/opendata/2022LiDAR/496000_5451000.zip;"{""coordinates"": [[[-123.05492097703745, 49.21177780194124], [-123.05493094421325, 49.22077307559679], [-123.04119821250775, 49.220778789667634], [-123.04119073712315, 49.21178351421051], [-123.05492097703745, 49.21177780194124]]], ""type"": ""Polygon""}";49.216278431381795, -123.048060217755
4960005453000;https://webtransfer.vancouver.ca/opendata/2022LiDAR/496000_5453000.zip;"{""coordinates"": [[[-123.05494091635795, 49.229768335169425], [-123.05495089347481, 49.23876358065982], [-123.04121317445951, 49.2387692983358], [-123.04120569161908, 49.22977405104249], [-123.05494091635795, 49.229768335169425]]], ""type"": ""Polygon""}";49.23426895241547, -123.04807766901264
4960005456000;https://webtransfer.vancouver.ca/opendata/2022LiDAR/496000_5456000.zip;"{""coordinates"": [[[-123.05497086263766, 49.25675402939664], [-123.0549808546901, 49.26574923264446], [-123.04123564537937, 49.26575495573297], [-123.04122815133728, 49.256759750680324], [-123.05497086263766, 49.25675402939664]]], ""type"": ""Polygon""}";49.26125462835603, -123.04810387854617
4960005459000;https://webtransfer.vancouver.ca/opendata/2022LiDAR/496000_5459000.zip;"{""coordinates"": [[[-123.05500085375296, 49.283739596902294], [-123.05501086076981, 49.292734757913735], [-123.0412581499476, 49.29274048642069], [-123.04125064468217, 49.28374532360246], [-123.05500085375296, 49.283739596902294]]], ""type"": ""Polygon""}";49.28824017758121, -123.04813012732343
4960005460000;https://webtransfer.vancouver.ca/opendata/2022LiDAR/496000_5460000.zip;"{""coordinates"": [[[-123.05501086076981, 49.292734757913735], [-123.05502087278123, 49.301729904847775], [-123.04126565895899, 49.30173563516219], [-123.0412581499476, 49.29274048642069], [-123.05501086076981, 49.292734757913735]]], ""type"": ""Polygon""}";49.29723533250054, -123.04813888564983
4970005449000;https://webtransfer.vancouver.ca/opendata/2022LiDAR/497000_5449000.zip;"{""coordinates"": [[[-123.04117579752442, 49.193792921046665], [-123.0411832654628, 49.20278822467039], [-123.02745551237628, 49.20279230357726], [-123.02745053374936, 49.1937969986676], [-123.04117579752442, 49.193792921046665]]], ""type"": ""Polygon""}";49.198292747932555, -123.03431627730278
4970005451000;https://webtransfer.vancouver.ca/opendata/2022LiDAR/497000_5451000.zip;"{""coordinates"": [[[-123.04119073712315, 49.21178351421051], [-123.04119821250775, 49.220778789667634], [-123.02746547707558, 49.220782871147705], [-123.0274604934845, 49.21178759440373], [-123.04119073712315, 49.21178351421051]]], ""type"": ""Polygon""}";49.21628332838523, -123.03432873007245
4970005453000;https://webtransfer.vancouver.ca/opendata/2022LiDAR/497000_5453000.zip;"{""coordinates"": [[[-123.04120569161908, 49.22977405104249], [-123.04121317445951, 49.2387692983358], [-123.02747545171273, 49.23877338239094], [-123.02747046315113, 49.229778133809894], [-123.04120569161908, 49.22977405104249]]], ""type"": ""Polygon""}";49.234273852508444, -123.03434119526047
4970005455000;https://webtransfer.vancouver.ca/opendata/2022LiDAR/497000_5455000.zip;"{""coordinates"": [[[-123.04122066103145, 49.24776453154816], [-123.04122815133728, 49.256759750680324], [-123.02748543630057, 49.25676383731244], [-123.02748044276203, 49.24776861689155], [-123.04122066103145, 49.24776453154816]]], ""type"": ""Polygon""}";49.25226432030765, -123.0343536728828
4970005457000;https://webtransfer.vancouver.ca/opendata/2022LiDAR/497000_5457000.zip;"{""coordinates"": [[[-123.04123564537937, 49.26575495573297], [-123.0412431431602, 49.274750146706815], [-123.02749543085187, 49.27475423591772], [-123.02749043232997, 49.265759043654256], [-123.04123564537937, 49.26575495573297]]], ""type"": ""Polygon""}";49.27025473178843, -123.03436616295545
4970005459000;https://webtransfer.vancouver.ca/opendata/2022LiDAR/497000_5459000.zip;"{""coordinates"": [[[-123.04125064468217, 49.28374532360246], [-123.0412581499476, 49.29274048642069], [-123.02750543537948, 49.2927445782123], [-123.02750043186785, 49.2837494141035], [-123.04125064468217, 49.28374532360246]]], ""type"": ""Polygon""}";49.28824508695623, -123.0343786654945
4980005453000;https://webtransfer.vancouver.ca/opendata/2022LiDAR/498000_5453000.zip;"{""coordinates"": [[[-123.02747046315113, 49.229778133809894], [-123.02747545171273, 49.23877338239094], [-123.01373772647828, 49.23877583282441], [-123.01373523219708, 49.22978058347069], [-123.02747046315113, 49.229778133809894]]], ""type"": ""Polygon""}";49.23427711923768, -123.0206047183997
4980005454000;https://webtransfer.vancouver.ca/opendata/2022LiDAR/498000_5454000.zip;"{""coordinates"": [[[-123.02747545171273, 49.23877338239094], [-123.02748044276203, 49.24776861689155], [-123.01374022200334, 49.24777106809797], [-123.01373772647828, 49.23877583282441], [-123.02747545171273, 49.23877338239094]]], ""type"": ""Polygon""}";49.24327236120785, -123.020608460754
4980005456000;https://webtransfer.vancouver.ca/opendata/2022LiDAR/498000_5456000.zip;"{""coordinates"": [[[-123.02748543630057, 49.25676383731244], [-123.02749043232997, 49.265759043654256], [-123.01374521678811, 49.26576149640739], [-123.01374271877302, 49.25676628929207], [-123.02748543630057, 49.25676383731244]]], ""type"": ""Polygon""}";49.261262802909094, -123.02061595106295
4980005459000;https://webtransfer.vancouver.ca/opendata/2022LiDAR/498000_5459000.zip;"{""coordinates"": [[[-123.02750043186785, 49.2837494141035], [-123.02750543537948, 49.2927445782123], [-123.01375271831405, 49.29274703328762], [-123.01375021655784, 49.283751868404465], [-123.02750043186785, 49.2837494141035]]], ""type"": ""Polygon""}";49.28824835987351, -123.02062720054492
4800005456000;https://webtransfer.vancouver.ca/opendata/2022LiDAR/480000_5456000.zip;"{""coordinates"": [[[-123.27485271905188, 49.25644017837806], [-123.27490267828826, 49.26543528261885], [-123.26115769828054, 49.26546716796583], [-123.26111023690703, 49.256472053669775], [-123.27485271905188, 49.25644017837806]]], ""type"": ""Polygon""}";49.260953806895785, -123.26800583332712
4800005457000;https://webtransfer.vancouver.ca/opendata/2022LiDAR/480000_5457000.zip;"{""coordinates"": [[[-123.27490267828826, 49.26543528261885], [-123.27495266244834, 49.274430372744334], [-123.2612051833317, 49.27446226815024], [-123.26115769828054, 49.26546716796583], [-123.27490267828826, 49.26543528261885]]], ""type"": ""Polygon""}";49.269948909150436, -123.26805455578288
4810005455000;https://webtransfer.vancouver.ca/opendata/2022LiDAR/481000_5455000.zip;"{""coordinates"": [[[-123.26106279919595, 49.247476925261395], [-123.26111023690703, 49.256472053669775], [-123.24736773109974, 49.25650229437343], [-123.24732279002143, 49.24750715642885], [-123.26106279919595, 49.247476925261395]]], ""type"": ""Polygon""}";49.25198974362855, -123.25421588949075
4810005457000;https://webtransfer.vancouver.ca/opendata/2022LiDAR/481000_5457000.zip;"{""coordinates"": [[[-123.26115769828054, 49.26546716796583], [-123.2612051833317, 49.27446226815024], [-123.24745768052215, 49.274492527936644], [-123.24741269459518, 49.265497418209144], [-123.26115769828054, 49.26546716796583]]], ""type"": ""Polygon""}";49.26997998184658, -123.25430831436807
4820005455000;https://webtransfer.vancouver.ca/opendata/2022LiDAR/482000_5455000.zip;"{""coordinates"": [[[-123.24732279002143, 49.24750715642885], [-123.24736773109974, 49.25650229437343], [-123.23362520287534, 49.25653090048237], [-123.23358275844421, 49.24753575351701], [-123.24732279002143, 49.24750715642885]]], ""type"": ""Polygon""}";49.25201916239606, -123.24047462078488
4820005456000;https://webtransfer.vancouver.ca/opendata/2022LiDAR/482000_5456000.zip;"{""coordinates"": [[[-123.24736773109974, 49.25650229437343], [-123.24741269459518, 49.265497418209144], [-123.23366766847829, 49.265526033342084], [-123.23362520287534, 49.25653090048237], [-123.24736773109974, 49.25650229437343]]], ""type"": ""Polygon""}";49.26101429784036, -123.24051832443732
4820005458000;https://webtransfer.vancouver.ca/opendata/2022LiDAR/482000_5458000.zip;"{""coordinates"": [[[-123.24745768052215, 49.274492527936644], [-123.24750268889512, 49.28348762355663], [-123.23375266325404, 49.2835162567474], [-123.23371015526665, 49.27452115209688], [-123.24745768052215, 49.274492527936644]]], ""type"": ""Polygon""}";49.279004526408976, -123.2406057971606
4830005457000;https://webtransfer.vancouver.ca/opendata/2022LiDAR/483000_5457000.zip;"{""coordinates"": [[[-123.23366766847829, 49.265526033342084], [-123.23371015526665, 49.27452115209688], [-123.21996260881205, 49.2745481406246], [-123.21992262117595, 49.26555301335836], [-123.23366766847829, 49.265526033342084]]], ""type"": ""Polygon""}";49.270037221137514, -123.22681576359882
4840005453000;https://webtransfer.vancouver.ca/opendata/2022LiDAR/484000_5453000.zip;"{""coordinates"": [[[-123.21976286989623, 49.22957236326802], [-123.2198027778521, 49.23856754694576], [-123.2060652006321, 49.23859286786982], [-123.20602778686153, 49.22959767620802], [-123.21976286989623, 49.22957236326802]]], ""type"": ""Polygon""}";49.23408274968353, -123.21291465896444
4840005455000;https://webtransfer.vancouver.ca/opendata/2022LiDAR/484000_5455000.zip;"{""coordinates"": [[[-123.2198427057088, 49.24756271651961], [-123.21988265347916, 49.25655787199025], [-123.2061400841565, 49.25658320889113], [-123.20610263305974, 49.24758804543064], [-123.2198427057088, 49.24756271651961]]], ""type"": ""Polygon""}";49.252073096904425, -123.21299201925585
4840005456000;https://webtransfer.vancouver.ca/opendata/2022LiDAR/484000_5456000.zip;"{""coordinates"": [[[-123.21988265347916, 49.25655787199025], [-123.21992262117595, 49.26555301335836], [-123.20617755393438, 49.26557835825197], [-123.2061400841565, 49.25658320889113], [-123.21988265347916, 49.25655787199025]]], ""type"": ""Polygon""}";49.2610682493624, -123.21303072834166
4850005451000;https://webtransfer.vancouver.ca/opendata/2022LiDAR/485000_5451000.zip;"{""coordinates"": [[[-123.20595301524378, 49.211607250578716], [-123.20599039173608, 49.22060247044455], [-123.19225778301059, 49.22062614285146], [-123.19222289823045, 49.211630915522036], [-123.20595301524378, 49.211607250578716]]], ""type"": ""Polygon""}";49.21611683087439, -123.19910602219852
4850005453000;https://webtransfer.vancouver.ca/opendata/2022LiDAR/485000_5453000.zip;"{""coordinates"": [[[-123.20602778686153, 49.22959767620802], [-123.2060652006321, 49.23859286786982], [-123.19232760475501, 49.23861655521203], [-123.19229268518173, 49.22962135608123], [-123.20602778686153, 49.22959767620802]]], ""type"": ""Polygon""}";49.2341072499538, -123.19917831950161
4850005454000;https://webtransfer.vancouver.ca/opendata/2022LiDAR/485000_5454000.zip;"{""coordinates"": [[[-123.2060652006321, 49.23859286786982], [-123.20610263305974, 49.24758804543064], [-123.19236254174162, 49.24761174024453], [-123.19232760475501, 49.23861655521203], [-123.2060652006321, 49.23859286786982]]], ""type"": ""Polygon""}";49.24310243834321, -123.19921449519151
4850005456000;https://webtransfer.vancouver.ca/opendata/2022LiDAR/485000_5456000.zip;"{""coordinates"": [[[-123.2061400841565, 49.25658320889113], [-123.20617755393438, 49.26557835825197], [-123.19243246799965, 49.26560206801735], [-123.19239749615275, 49.256606911179404], [-123.2061400841565, 49.25658320889113]]], ""type"": ""Polygon""}";49.26109277282482, -123.19928690070597
4850005457000;https://webtransfer.vancouver.ca/opendata/2022LiDAR/485000_5457000.zip;"{""coordinates"": [[[-123.20617755393438, 49.26557835825197], [-123.20621504240538, 49.27457349351383], [-123.19246745729355, 49.274597210759005], [-123.19243246799965, 49.26560206801735], [-123.20617755393438, 49.26557835825197]]], ""type"": ""Polygon""}";49.27008791891837, -123.19932313055378
4850005458000;https://webtransfer.vancouver.ca/opendata/2022LiDAR/485000_5458000.zip;"{""coordinates"": [[[-123.20621504240538, 49.27457349351383], [-123.20625254958154, 49.28356861467742], [-123.19250246404559, 49.28359233940508], [-123.19246745729355, 49.274597210759005], [-123.20621504240538, 49.27457349351383]]], ""type"": ""Polygon""}";49.27908305091467, -123.19935937847744
4860005451000;https://webtransfer.vancouver.ca/opendata/2022LiDAR/486000_5451000.zip;"{""coordinates"": [[[-123.19222289823045, 49.211630915522036], [-123.19225778301059, 49.22062614285146], [-123.17852515689415, 49.22064818270128], [-123.17849276383734, 49.211652948422966], [-123.19222289823045, 49.211630915522036]]], ""type"": ""Polygon""}";49.216139683399994, -123.18537465062653
4860005453000;https://webtransfer.vancouver.ca/opendata/2022LiDAR/486000_5453000.zip;"{""coordinates"": [[[-123.19229268518173, 49.22962135608123], [-123.19232760475501, 49.23861655521203], [-123.17858999146455, 49.23863860896714], [-123.17855756609977, 49.22964340288243], [-123.19229268518173, 49.22962135608123]]], ""type"": ""Polygon""}";49.23413011689709, -123.18544196200936
4880005453000;https://webtransfer.vancouver.ca/opendata/2022LiDAR/488000_5453000.zip;"{""coordinates"": [[[-123.16482243085862, 49.22966381660679], [-123.16485236200455, 49.2386590291303], [-123.15111471761873, 49.238677815696974], [-123.15108728070128, 49.229682597249756], [-123.16482243085862, 49.22966381660679]]], ""type"": ""Polygon""}";49.23417095078298, -123.15796919791002
4880005455000;https://webtransfer.vancouver.ca/opendata/2022LiDAR/488000_5455000.zip;"{""coordinates"": [[[-123.16488230807624, 49.24765422756035], [-123.16491226908337, 49.2566494118976], [-123.1511696325085, 49.25666821031814], [-123.1511421682182, 49.24767302005288], [-123.16488230807624, 49.24765422756035]]], ""type"": ""Polygon""}";49.252161353655154, -123.1580265945864
4880005458000;https://webtransfer.vancouver.ca/opendata/2022LiDAR/488000_5458000.zip;"{""coordinates"": [[[-123.16497223594223, 49.274639738296536], [-123.1650022418132, 49.28363488035954], [-123.1512521076123, 49.283653696576934], [-123.1512246021967, 49.274658548579495], [-123.16497223594223, 49.274639738296536]]], ""type"": ""Polygon""}";49.27914685227997, -123.15811279700685
4890005451000;https://webtransfer.vancouver.ca/opendata/2022LiDAR/489000_5451000.zip;"{""coordinates"": [[[-123.15103244787721, 49.21169211807861], [-123.15105985745701, 49.220687364710535], [-123.13732718662071, 49.2207045068613], [-123.13730226879296, 49.21170925482468], [-123.15103244787721, 49.21169211807861]]], ""type"": ""Polygon""}";49.21619844714527, -123.14418044029073
4890005456000;https://webtransfer.vancouver.ca/opendata/2022LiDAR/489000_5456000.zip;"{""coordinates"": [[[-123.1511696325085, 49.25666821031814], [-123.1511971104984, 49.26566338649345], [-123.13745196225287, 49.26568055569711], [-123.13742698223398, 49.25668537410731], [-123.1511696325085, 49.25666821031814]]], ""type"": ""Polygon""}";49.26117451789516, -123.14431142197854
4900005452000;https://webtransfer.vancouver.ca/opendata/2022LiDAR/490000_5452000.zip;"{""coordinates"": [[[-123.13732718662071, 49.2207045068613], [-123.13735211687072, 49.2296997448072], [-123.12361694060993, 49.22971525927535], [-123.12359450336217, 49.2207200164377], [-123.13732718662071, 49.2207045068613]]], ""type"": ""Polygon""}";49.22521001791504, -123.13047268696002
4900005453000;https://webtransfer.vancouver.ca/opendata/2022LiDAR/490000_5453000.zip;"{""coordinates"": [[[-123.13735211687072, 49.2296997448072], [-123.13737705955093, 49.238694968663054], [-123.1236393890449, 49.23871048802471], [-123.12361694060993, 49.22971525927535], [-123.13735211687072, 49.2296997448072]]], ""type"": ""Polygon""}";49.23420525130514, -123.13049637661351
4900005456000;https://webtransfer.vancouver.ca/opendata/2022LiDAR/490000_5456000.zip;"{""coordinates"": [[[-123.13742698223398, 49.25668537410731], [-123.13745196225287, 49.26568055569711], [-123.1237068015451, 49.265696089749945], [-123.12368431950527, 49.25670090326133], [-123.13742698223398, 49.25668537410731]]], ""type"": ""Polygon""}";49.261190866945334, -123.1305675164794
4900005458000;https://webtransfer.vancouver.ca/opendata/2022LiDAR/490000_5458000.zip;"{""coordinates"": [[[-123.13747695473396, 49.27467572319958], [-123.13750195968532, 49.283670876615425], [-123.12375179928006, 49.28368642047122], [-123.12372929480094, 49.27469126215302], [-123.13747695473396, 49.27467572319958]]], ""type"": ""Polygon""}";49.2791812069372, -123.13061500222071
4900005460000;https://webtransfer.vancouver.ca/opendata/2022LiDAR/490000_5460000.zip;"{""coordinates"": [[[-123.13752697711496, 49.292666015945336], [-123.13755200703092, 49.30166114119], [-123.12379684193691, 49.30167669485587], [-123.12377431498963, 49.29268156470529], [-123.13752697711496, 49.292666015945336]]], ""type"": ""Polygon""}";49.29717149058756, -123.1306625353642
4900005461000;https://webtransfer.vancouver.ca/opendata/2022LiDAR/490000_5461000.zip;"{""coordinates"": [[[-123.13755200703092, 49.30166114119], [-123.13757704944122, 49.31065625235009], [-123.12381938012915, 49.31067181092365], [-123.12379684193691, 49.30167669485587], [-123.13755200703092, 49.30166114119]]], ""type"": ""Polygon""}";49.30616661128638, -123.1306863197309
4910005449000;https://webtransfer.vancouver.ca/opendata/2022LiDAR/491000_5449000.zip;"{""coordinates"": [[[-123.12352725867042, 49.193734203388274], [-123.12354966239958, 49.20272948849485], [-123.10982195025404, 49.20274335674452], [-123.10980203581005, 49.193748067265844], [-123.12352725867042, 49.193734203388274]]], ""type"": ""Polygon""}";49.1982389149146, -123.11667522686707
4910005453000;https://webtransfer.vancouver.ca/opendata/2022LiDAR/491000_5453000.zip;"{""coordinates"": [[[-123.12361694060993, 49.22971525927535], [-123.1236393890449, 49.23871048802471], [-123.10990170734446, 49.23872437377856], [-123.10988175316193, 49.22972914065078], [-123.12361694060993, 49.22971525927535]]], ""type"": ""Polygon""}";49.23421995154516, -123.11675994762476
4910005461000;https://webtransfer.vancouver.ca/opendata/2022LiDAR/491000_5461000.zip;"{""coordinates"": [[[-123.12379684193691, 49.30167669485587], [-123.12381938012915, 49.31067181092365], [-123.11006169956485, 49.310685731761865], [-123.11004166559795, 49.30169061130297], [-123.12379684193691, 49.30167669485587]]], ""type"": ""Polygon""}";49.306181348667806, -123.11692989689344
4920005450000;https://webtransfer.vancouver.ca/opendata/2022LiDAR/492000_5450000.zip;"{""coordinates"": [[[-123.10982195025404, 49.20274335674452], [-123.1098418746231, 49.21173863213445], [-123.0961116620203, 49.21175087269164], [-123.09609422818343, 49.20275559344258], [-123.10982195025404, 49.20274335674452]]], ""type"": ""Polygon""}";49.2072472497376, -123.10296742884415
4920005452000;https://webtransfer.vancouver.ca/opendata/2022LiDAR/492000_5452000.zip;"{""coordinates"": [[[-123.10986180892361, 49.22073389343631], [-123.10988175316193, 49.22972914065078], [-123.09614655576969, 49.229741388930414], [-123.09612910454722, 49.220746137854036], [-123.10986180892361, 49.22073389343631]]], ""type"": ""Polygon""}";49.225237776287976, -123.10300480567491
4920005459000;https://webtransfer.vancouver.ca/opendata/2022LiDAR/492000_5459000.zip;"{""coordinates"": [[[-123.11000162764431, 49.28370032814091], [-123.11002164162659, 49.29269547676287], [-123.09626895827446, 49.29270775211506], [-123.0962514460259, 49.28371259962138], [-123.11000162764431, 49.28370032814091]]], ""type"": ""Polygon""}";49.288204175530886, -123.10313591846848
4930005450000;https://webtransfer.vancouver.ca/opendata/2022LiDAR/493000_5450000.zip;"{""coordinates"": [[[-123.09609422818343, 49.20275559344258], [-123.0961116620203, 49.21175087269164], [-123.08238144072747, 49.21176148118001], [-123.08236649742837, 49.20276619858635], [-123.09609422818343, 49.20275559344258]]], ""type"": ""Polygon""}";49.20725867245963, -123.08923845715397
4930005451000;https://webtransfer.vancouver.ca/opendata/2022LiDAR/493000_5451000.zip;"{""coordinates"": [[[-123.0961116620203, 49.21175087269164], [-123.09612910454722, 49.220746137854036], [-123.0823963914752, 49.22075674968819], [-123.08238144072747, 49.21176148118001], [-123.0961116620203, 49.21175087269164]]], ""type"": ""Polygon""}";49.21625394638083, -123.08925464975677
4930005454000;https://webtransfer.vancouver.ca/opendata/2022LiDAR/493000_5454000.zip;"{""coordinates"": [[[-123.09616401569342, 49.23873662592152], [-123.0961814843239, 49.247731848827996], [-123.08244128845782, 49.247742470706775], [-123.08242631533558, 49.238747244450884], [-123.09616401569342, 49.23873662592152]]], ""type"": ""Polygon""}";49.24323968363291, -123.08930327601742
4930005455000;https://webtransfer.vancouver.ca/opendata/2022LiDAR/493000_5455000.zip;"{""coordinates"": [[[-123.0961814843239, 49.247731848827996], [-123.09619896166679, 49.25672705765053], [-123.08245626904787, 49.25673768287992], [-123.08244128845782, 49.247742470706775], [-123.0961814843239, 49.247731848827996]]], ""type"": ""Polygon""}";49.25223490121538, -123.08931950093897
4940005453000;https://webtransfer.vancouver.ca/opendata/2022LiDAR/494000_5453000.zip;"{""coordinates"": [[[-123.0824113496763, 49.22975200411158], [-123.08242631533558, 49.238747244450884], [-123.06868860751477, 49.23875622936431], [-123.0686761361247, 49.22976098619191], [-123.0824113496763, 49.22975200411158]]], ""type"": ""Polygon""}";49.23425425214301, -123.07555060221748
4940005455000;https://webtransfer.vancouver.ca/opendata/2022LiDAR/494000_5455000.zip;"{""coordinates"": [[[-123.08244128845782, 49.247742470706775], [-123.08245626904787, 49.25673768287992], [-123.06871356895635, 49.25674667346263], [-123.06870108512399, 49.24775145845432], [-123.08244128845782, 49.247742470706775]]], ""type"": ""Polygon""}";49.25224470757514, -123.07557805295144
4940005459000;https://webtransfer.vancouver.ca/opendata/2022LiDAR/494000_5459000.zip;"{""coordinates"": [[[-123.08250125567264, 49.28372323490994], [-123.08251626618187, 49.292718390759106], [-123.06876356659744, 49.29272739269266], [-123.0687510578324, 49.283732234004255], [-123.08250125567264, 49.28372323490994]]], ""type"": ""Polygon""}";49.28822544946267, -123.07563303662661
4950005450000;https://webtransfer.vancouver.ca/opendata/2022LiDAR/495000_5450000.zip;"{""coordinates"": [[[-123.06863875922949, 49.202775172173524], [-123.06865121198607, 49.21177045759721], [-123.05492097703745, 49.21177780194124], [-123.05491101482743, 49.20278251420209], [-123.06863875922949, 49.202775172173524]]], ""type"": ""Polygon""}";49.20727662246329, -123.06178049081448
4950005452000;https://webtransfer.vancouver.ca/opendata/2022LiDAR/495000_5452000.zip;"{""coordinates"": [[[-123.0686636709498, 49.22076572893644], [-123.0686761361247, 49.22976098619191], [-123.05494091635795, 49.229768335169425], [-123.05493094421325, 49.22077307559679], [-123.0686636709498, 49.22076572893644]]], ""type"": ""Polygon""}";49.22526716754421, -123.06180291695603
4950005454000;https://webtransfer.vancouver.ca/opendata/2022LiDAR/495000_5454000.zip;"{""coordinates"": [[[-123.06868860751477, 49.23875622936431], [-123.06870108512399, 49.24775145845432], [-123.05496087556698, 49.24775881206865], [-123.05495089347481, 49.23876358065982], [-123.06868860751477, 49.23875622936431]]], ""type"": ""Polygon""}";49.24325765629319, -123.06182536546497
4950005458000;https://webtransfer.vancouver.ca/opendata/2022LiDAR/495000_5458000.zip;"{""coordinates"": [[[-123.06873855530655, 49.274737061236905], [-123.0687510578324, 49.283732234004255], [-123.05500085375296, 49.283739596902294], [-123.05499085172744, 49.27474442181278], [-123.06873855530655, 49.274737061236905]]], ""type"": ""Polygon""}";49.27923846481735, -123.06187032970011
4960005452000;https://webtransfer.vancouver.ca/opendata/2022LiDAR/496000_5452000.zip;"{""coordinates"": [[[-123.05493094421325, 49.22077307559679], [-123.05494091635795, 49.229768335169425], [-123.04120569161908, 49.22977405104249], [-123.04119821250775, 49.220778789667634], [-123.05493094421325, 49.22077307559679]]], ""type"": ""Polygon""}";49.225273698939745, -123.04806894120921
4960005454000;https://webtransfer.vancouver.ca/opendata/2022LiDAR/496000_5454000.zip;"{""coordinates"": [[[-123.05495089347481, 49.23876358065982], [-123.05496087556698, 49.24775881206865], [-123.04122066103145, 49.24776453154816], [-123.04121317445951, 49.2387692983358], [-123.05495089347481, 49.23876358065982]]], ""type"": ""Polygon""}";49.24326419180961, -123.04808640116805
4960005458000;https://webtransfer.vancouver.ca/opendata/2022LiDAR/496000_5458000.zip;"{""coordinates"": [[[-123.05499085172744, 49.27474442181278], [-123.05500085375296, 49.283739596902294], [-123.04125064468217, 49.28374532360246], [-123.0412431431602, 49.274750146706815], [-123.05499085172744, 49.27474442181278]]], ""type"": ""Polygon""}";49.27924500858449, -123.04812137336592
4970005450000;https://webtransfer.vancouver.ca/opendata/2022LiDAR/497000_5450000.zip;"{""coordinates"": [[[-123.0411832654628, 49.20278822467039], [-123.04119073712315, 49.21178351421051], [-123.0274604934845, 49.21178759440373], [-123.02745551237628, 49.20279230357726], [-123.0411832654628, 49.20278822467039]]], ""type"": ""Polygon""}";49.20728804520042, -123.03432250213632
4970005452000;https://webtransfer.vancouver.ca/opendata/2022LiDAR/497000_5452000.zip;"{""coordinates"": [[[-123.04119821250775, 49.220778789667634], [-123.04120569161908, 49.22977405104249], [-123.02747046315113, 49.229778133809894], [-123.02746547707558, 49.220782871147705], [-123.04119821250775, 49.220778789667634]]], ""type"": ""Polygon""}";49.22527859748767, -123.03433496111316
4970005454000;https://webtransfer.vancouver.ca/opendata/2022LiDAR/497000_5454000.zip;"{""coordinates"": [[[-123.04121317445951, 49.2387692983358], [-123.04122066103145, 49.24776453154816], [-123.02748044276203, 49.24776861689155], [-123.02747545171273, 49.23877338239094], [-123.04121317445951, 49.2387692983358]]], ""type"": ""Polygon""}";49.2432690934482, -123.03434743251631
4970005456000;https://webtransfer.vancouver.ca/opendata/2022LiDAR/497000_5456000.zip;"{""coordinates"": [[[-123.04122815133728, 49.256759750680324], [-123.04123564537937, 49.26575495573297], [-123.02749043232997, 49.265759043654256], [-123.02748543630057, 49.25676383731244], [-123.04122815133728, 49.256759750680324]]], ""type"": ""Polygon""}";49.2612595330875, -123.03435991636184
4980005450000;https://webtransfer.vancouver.ca/opendata/2022LiDAR/498000_5450000.zip;"{""coordinates"": [[[-123.02745551237628, 49.20279230357726], [-123.0274604934845, 49.21178759440373], [-123.01373024736296, 49.211790042520036], [-123.01372775680846, 49.20279475092173], [-123.02745551237628, 49.20279230357726]]], ""type"": ""Polygon""}";49.207291308840695, -123.02059350252284
4980005451000;https://webtransfer.vancouver.ca/opendata/2022LiDAR/498000_5451000.zip;"{""coordinates"": [[[-123.0274604934845, 49.21178759440373], [-123.02746547707558, 49.220782871147705], [-123.0137327391589, 49.220785320036114], [-123.01373024736296, 49.211790042520036], [-123.0274604934845, 49.21178759440373]]], ""type"": ""Polygon""}";49.21628659305479, -123.02059723928531
4980005452000;https://webtransfer.vancouver.ca/opendata/2022LiDAR/498000_5452000.zip;"{""coordinates"": [[[-123.02746547707558, 49.220782871147705], [-123.02747046315113, 49.229778133809894], [-123.01373523219708, 49.22978058347069], [-123.0137327391589, 49.220785320036114], [-123.02746547707558, 49.220782871147705]]], ""type"": ""Polygon""}";49.225281863186886, -123.02060097791053
4980005457000;https://webtransfer.vancouver.ca/opendata/2022LiDAR/498000_5457000.zip;"{""coordinates"": [[[-123.02749043232997, 49.265759043654256], [-123.02749543085187, 49.27475423591772], [-123.01374771604945, 49.27475668944461], [-123.01374521678811, 49.26576149640739], [-123.02749043232997, 49.265759043654256]]], ""type"": ""Polygon""}";49.270258002641526, -123.0206196990199
4980005460000;https://webtransfer.vancouver.ca/opendata/2022LiDAR/498000_5460000.zip;"{""coordinates"": [[[-123.02750543537948, 49.2927445782123], [-123.0275104413884, 49.301739728244826], [-123.01375522131895, 49.30174218409477], [-123.01375271831405, 49.29274703328762], [-123.02750543537948, 49.2927445782123]]], ""type"": ""Polygon""}";49.29724351737445, -123.02063095411542
